<?xml version="1.0" encoding="utf-8"?>
<odoo>
    <data noupdate="1">

        <!-- Sequences for sala.caso -->
        <record id="seq_sala_caso" model="ir.sequence">
            <field name="name">Caso Sequence</field>
            <field name="code">sala.caso</field>
            <field name="prefix">AP</field>
            <field name="padding">5</field>
            <field name="company_id" eval="False"/>
        </record>

        <!-- Sequences for sala.caso -->
        <record id="seq_sala_acciong" model="ir.sequence">
            <field name="name">Caso Sequence</field>
            <field name="code">sala.acciong</field>
            <field name="prefix">AP</field>
            <field name="padding">5</field>
            <field name="company_id" eval="False"/>
        </record>

        <!-- Sequences for sala.caso -->
        <record id="seq_sala_comuna" model="ir.sequence">
            <field name="name">Comuna Sequence</field>
            <field name="code">sala.comuna</field>
            <field name="prefix">CO</field>
            <field name="padding">2</field>
            <field name="company_id" eval="False"/>
        </record>

        <!-- Sequences for sala.caso -->
        <record id="seq_sala_comunidad" model="ir.sequence">
            <field name="name">Comunidad Sequence</field>
            <field name="code">sala.comunidad</field>
            <field name="prefix">CM</field>
            <field name="padding">3</field>
            <field name="company_id" eval="False"/>
        </record>

        <!-- Sequences for sala.caso -->
        <record id="seq_sala_clap" model="ir.sequence">
            <field name="name">Clap Sequence</field>
            <field name="code">sala.clap</field>
            <field name="prefix">CL</field>
            <field name="padding">3</field>
            <field name="company_id" eval="False"/>
        </record>

        <!-- Sequences for sala.caso -->
        <record id="seq_sala_ubch" model="ir.sequence">
            <field name="name">Ubch Sequence</field>
            <field name="code">sala.ubch</field>
            <field name="prefix">UB-ALPAEZ</field>
            <field name="padding">3</field>
            <field name="company_id" eval="False"/>
        </record>

        <!-- Sequences for sala.caso -->
        <record id="seq_sala_activo" model="ir.sequence">
            <field name="name">Activo Sequence</field>
            <field name="code">sala.activo</field>
            <field name="prefix">AC</field>
            <field name="padding">5</field>
            <field name="company_id" eval="False"/>
        </record>

        <!-- Sequences for sala.calle -->
        <record id="seq_sala_calle" model="ir.sequence">
            <field name="name">Calle Sequence</field>
            <field name="code">sala.calle</field>
            <field name="prefix">AP</field>
            <field name="padding">5</field>
            <field name="company_id" eval="False"/>
        </record>

    </data>
</odoo>