id,name,model_id:id,group_id:id,perm_read,perm_write,perm_create,perm_unlink
access_gb_accion_gobierno,access_gb_accion_gobierno,model_gb_accion_gobierno,base.group_user,1,1,1,1
access_gb_tipo_accion,access_gb_tipo_accion,model_gb_tipo_accion,base.group_user,1,1,1,1
access_gb_parroquia,access_gb_parroquia,model_gb_parroquia,base.group_user,1,1,1,1
access_gb_unidad_contraloria_social,access_gb_unidad_contraloria_social,model_gb_unidad_contraloria_social,base.group_user,1,1,1,1
access_gb_unidad_administrativa,access_gb_unidad_administrativa,model_gb_unidad_administrativa,base.group_user,1,1,1,1
access_gb_status,access_gb_status,model_gb_status,base.group_user,1,1,1,1
access_gb_accion_gobierno_detalle,access_gb_accion_gobierno_detalle,model_gb_accion_gobierno_detalle,base.group_user,1,1,1,1
access_gb_actividad,access_gb_actividad,model_gb_actividad,base.group_user,1,1,1,1